date,weight_kg,context,source_quality
2026-06-15,98.0,morning,reported
2026-06-16,97.8,morning,reported
2026-06-17,97.6,morning,reported
2026-06-18,97.7,morning,reported
2026-06-19,97.4,morning,reported
2026-06-20,97.5,morning,reported
2026-06-21,98.0,morning,reported
2026-06-22,97.5,morning_before_toilet_note,reported
2026-06-25,97.8,morning,reported
2026-06-26,97.6,morning,reported
2026-06-27,98.1,morning_corrected_from_typo,reported
2026-06-28,97.4,morning,reported
2026-06-29,97.3,morning,reported
2026-07-01,96.0,morning,reported
2026-07-09,96.9,morning,reported
2026-07-13,96.3,morning,reported
2026-07-14,96.9,morning,reported
2026-07-15,96.8,morning,reported
2026-07-16,96.8,morning,reported
2026-07-21,96.6,morning,reported
2026-07-22,97.0,morning,reported
2026-07-25,96.5,morning,reported
2026-07-27,95.8,morning,reported
2026-08-14,97.0,morning,reported
2026-08-31,96.8,morning,reported
2026-09-01,97.5,morning,reported
2026-09-04,97.5,morning,reported
2026-09-07,97.0,morning,reported
2026-09-09,96.9,morning,reported
2026-09-10,97.3,morning,reported
2026-09-15,98.4,morning,reported
2026-09-16,97.6,morning,reported
2026-09-18,97.6,morning,reported
2026-09-21,97.9,morning,reported
2026-09-22,97.6,morning,reported
2026-09-23,98.0,morning,reported
2026-09-24,97.7,morning,reported
2026-09-28,97.0,morning,reported
2026-09-29,98.5,morning,reported
2026-09-30,97.7,morning,reported
2026-10-02,97.5,morning,reported
2026-10-06,96.9,morning,reported
2026-10-07,97.0,morning,reported
